date,MTN US Equity,RACE IM Equity,QSR US Equity,PYPL US Equity,CRM US Equity,MSFT US Equity,DG US Equity,NYT US Equity,LYV US Equity,FND US Equity,CMG US Equity,EXPE US Equity,6758 JP Equity,ETSY US Equity,ADBE US Equity,PLNT US Equity,PLAN US Equity,AYX US Equity,V US Equity,NOW US Equity,SAIL US Equity,CFR SW Equity,ADS GR Equity,MA US Equity,CHTR US Equity,BBWI US Equity,VIV FP Equity,COUP US Equity,Z US Equity,ABNB US Equity,SQ TB Equity,NEWR US Equity,LW US Equity,CXM US Equity,AENA SM Equity,FDC US Equity,BKNG US Equity,OKTA US Equity,AMZN US Equity,WP US Equity,PHIA NA Equity,RAMP US Equity,BURL US Equity,SPLK US Equity,DPZ US Equity,EL FP Equity,DIS US Equity,BILL US Equity,ORLY US Equity,STZ US Equity,EVD GR Equity,GO US Equity,MCD US Equity,NFLX US Equity,TTWO US Equity,INTU US Equity,WLN FP Equity,SNAP US Equity,GOOGL US Equity,DATA US Equity,RH US Equity,MC FP Equity,7974 JP Equity,DLTR US Equity,ZEN US Equity,BBY US Equity,SHOP US Equity,EL US Equity,GLBE US Equity
1/1/2018,212.47,87.45,61.48,73.62,102.23,85.54,93.01,18.5,42.57,48.68,5.7806,119.77,1016.6,20.45,175.24,34.63,#N/A,25.27,114.02,130.39,#N/A,88.3,167.15,151.36,335.96,48.66884048,1.444992799,31.22,40.92,#N/A,4.82,57.77,56.45,#N/A,16.9,16.71,1737.74,25.61,58.4735,73.55,28.6136799,27.56,123.03,82.84,188.96,114.95,107.51,#N/A,16.036,228.57,38.825,#N/A,172.12,191.96,109.78,157.78,40.67,14.61,52.67,69.2,86.21,245.4,4119,107.31,33.84,68.47,10.1,127.24,#N/A
2/1/2018,224.54,103.2,60.19,78.4,112.74,94.26,102.28,23.8,45.97,47.46,6.2944,129.11,1077,19.16,199.38,33.97,#N/A,28.22,125.72,152.81,#N/A,89.92,182.9,172.93,371.18,39.8838804,1.509443861,38.93,44.7,#N/A,4.78,59.88,57.4,#N/A,17.5,17.66,1903.69,29.86,69.5,79.8,29.72955898,27.16,121.45,92.35,218.67,112.35,110.49,#N/A,17.492,220.69,40.6,#N/A,171.9,265.07,124.64,165.65,44.9,13.92,59.0795,77.09,92.25,252.15,4822,113.87,38.83,73.1,12.628,134.56,#N/A
3/1/2018,207.47,100.7,58.41,78.64,119.43,92.85,95.31,23.95,42.09,44.16,6.2652,103.96,1060.4,25.32,206.03,37.35,#N/A,34.8,120.4,159.57,#N/A,81.72,174.85,173.49,339.41,34.33973816,1.334781484,44.28,47.96,#N/A,4.48,72.05,54.46,#N/A,17.115,15.4,2028.37,36.4,74.6725,81.51,28.44130833,27.5,121.76,93.64,222.82,113.1,102.57,#N/A,16.21733333,215.95,39.08,#N/A,155.7,290.39,107.54,164.34,41.76,17.21,53.5705,81.48,84.78,244.1,4819,104.09,42.68,75.3,13.685,138.54,#N/A
4/1/2018,221.7,97.54,56.92,75.87,116.3,91.27,93.55,24.1,42.14,52.12,6.4622,110.41,1029.2,28.06,216.08,37.77,#N/A,34.14,119.62,165.45,#N/A,85.76,198.1,175.16,311.22,30.88071064,1.353472292,45.62,53.8,#N/A,3.64,74.12,58.22,#N/A,16.365,16,2080.39,39.85,72.367,82.24,28.27347286,22.71,133.15,98.39,233.56,109.6,100.44,#N/A,16.492,227.92,38.06,#N/A,156.38,295.35,97.78,173.35,41.26,15.87,51.857,80.82,95.28,250.2,4686,94.9,47.87,69.99,12.459,149.72,#N/A
5/1/2018,225.7,102.05,54.03,74.81,123.11,95,96.54,22.93,39.75,55.39,8.5202,113.5,1014.6,30.32,224.08,40.37,#N/A,32.99,127.51,165.42,#N/A,94.56,203.2,180.25,279.4,27.73687488,1.410833736,47.01,49.72,#N/A,3.46,70.33,64.97,#N/A,17.11,18.24,2179.39,43.44,79.113,81.62,31.94317277,26.17,135.37,103.19,247.68,113.05,100.06,#N/A,17.25066667,229.68,38.84,#N/A,163.44,313.3,104.3,187.24,41.78,14.13,52.0375,84.78,95.65,289.3,4616,95.93,48.58,75.38,12.768,144.93,#N/A
6/1/2018,245.46,113.6,59.19,83.25,130.52,100.79,89.26,23,43.57,48.53,8.7724,120.02,1032.4,31.62,251.31,39.96,#N/A,35.13,130.85,181.51,#N/A,91.26,193.75,195.37,261.87,27.93892088,1.399877056,54.07,59.03,#N/A,3.1,103.78,64.11,#N/A,16.25,19.05,2128.94,57.35,82.077,79.64,32.18358575,29.28,149.97,113.95,252.85,117.35,99.36,#N/A,18.16533333,222.75,41.66,#N/A,159.16,359.93,114.59,204.08,49.64,11.63,56.75,98.53,98.27,301.9,4320,81.28,56.84,68.85,15.08,148.4,#N/A
7/1/2018,274.19,116.5,60.3,83.27,136.4,98.61,98.6,25.9,48.57,49.33,8.6274,120.19,1132.8,42.19,243.81,43.94,#N/A,38.16,132.45,172.47,#N/A,84.12,186.7,196.52,293.21,29.80582592,1.353472292,62.24,59.06,#N/A,2.54,100.59,68.51,#N/A,15.55,20.93,2027.09,50.37,84.99,81.78,33.04544357,29.95,150.53,99.11,282.17,120.9,104.81,#N/A,18.238,218.87,42.28,#N/A,156.69,391.43,118.36,204.305,48.52,13.09,56.4595,97.75,139.7,285.2,3620,85,54.49,74.58,14.589,142.69,#N/A
8/1/2018,278.69,104.3,63.91,83.46,137.68,106.28,96.65,24.55,49.12,47.71,8.8526,133.73,1221,41.2,248.01,48.02,#N/A,41.23,138.25,177.94,#N/A,87,188.15,201.2,301.43,25.32040472,1.427591012,62.11,56.68,#N/A,3.06,100.38,69.7,#N/A,15.41,23.28,2023.13,52.01,89.8585,81.74,34.06606469,40.47,151.08,99.11,270.34,126,112.97,#N/A,20.18,208.46,39.86,#N/A,156.92,338.38,112.24,204.26,50.15,12.38,61.6495,106.14,132.45,298.45,3910,89.89,61.04,74.88,13.636,134.43,#N/A
9/1/2018,298.05,112.7,57.4,92.33,152.68,112.33,107.73,23.3,49.68,36.76,9.5036,130.5,1269.6,48.69,263.51,51.37,#N/A,58.05,146.89,196.36,#N/A,85.7,214.5,215.56,310.4,21.36030312,1.440481225,71.71,48.65,#N/A,3.12,102.76,67.6,#N/A,15.25,25.72,1951.55,61.83,100.6355,97.39,34.91885033,45.69,168.18,128.15,298.56,124.3,112.02,#N/A,22.36133333,208.2,38.08,#N/A,162.23,367.68,133.56,219.47,52.4,10.9,61.59,111.86,159,301.85,4016,80.51,68.89,79.56,14.567,140.12,#N/A
10/1/2018,265.66,119.25,58.84,87.55,159.86,115.61,109.52,22.74,54.1,30.49,8.9394,130.32,1375.8,49.96,275.49,53.53,#N/A,56.77,150.79,194.61,#N/A,81.28,213.2,223.77,321.59,24.49605704,1.427591012,76.73,42.3,#N/A,2.92,90.79,65.94,#N/A,14.72,24.15,1989.21,71.82,100.218,100.38,35.99390457,48.48,159.4,117.56,285.52,128.75,116.24,#N/A,23.052,213.32,38.22,#N/A,166.67,381.43,137.41,227.72,55.7,8.36,60.4265,111.31,127,306.9,4204,82.22,69.2,79.01,16.342,145.78,#N/A
11/1/2018,256.03,105.3,55.49,85.04,139.59,105.92,113.18,28.23,53.19,31.73,9.4524,127.62,1257.4,43.46,245.28,49.14,24.05,54.31,140.83,183.73,#N/A,74.14,204.5,199.71,324.58,27.04183664,1.379252716,65.59,41.94,#N/A,2.62,90.94,77.23,#N/A,13.95,18.95,1896.09,59.93,83.2765,93.37,30.28296243,47.3,174.34,103.02,266.05,122,116.1,#N/A,21.374,200.88,33.4,#N/A,174.88,317.38,128.91,212.36,47.06,7.2,54.299,108.89,120.67,269.8,3532,84.9,55.15,73.08,14.435,141.94,#N/A
12/1/2018,279.18,96.54,58.33,85.81,142.76,110.89,110.99,26.83,55.68,33.13,9.4642,120.79,1187.4,54.04,250.89,55.22,28,60.18,141.71,185.27,#N/A,64.92,195.45,201.07,329.2,26.75897224,1.417923353,64.43,36.55,#N/A,2.24,87.19,76.7,#N/A,14.02,19.08,1891.88,63.65,84.5085,85.81,30.1604879,47.3,165.76,111.73,277.32,112.15,115.49,#N/A,23.11866667,195.76,33.92,#N/A,188.51,286.13,109.67,214.53,47.14,6.51,55.4825,124.64,116.14,252.55,3461,86.77,59.43,64.59,15.266,142.66,#N/A
1/1/2019,210.82,86.78,52.3,84.09,136.97,101.57,108.08,22.29,49.25,25.9,8.6358,112.65,1065.2,47.57,226.24,53.62,26.54,59.47,131.94,178.05,#N/A,63,182.4,188.65,284.97,20.74608328,1.371518589,62.86,31.58,#N/A,2.08,80.97,73.56,#N/A,13.575,16.91,1722.42,63.8,75.0985,76.43,28.06027645,38.63,162.67,104.85,247.99,110.45,109.65,#N/A,22.95533333,160.82,32.58,#N/A,177.57,267.66,102.94,196.85,42.2,5.51,52.248,120,119.82,258.2,2928.5,90.32,58.37,52.96,13.845,130.1,#N/A
2/1/2019,196.87,110.6,62.61,90.01,155.87,102.78,115.04,26.34,52.77,33.32,10.544,121.97,1099.8,54.38,247.38,57.99,30.99,70.48,140.15,221.51,#N/A,68.9,199.4,213.77,340.95,21.9421956,1.443059267,92,34.24,#N/A,2.26,104.64,72.4,#N/A,15.105,24.65,1836.96,83.56,81.3115,84.77,30.66853041,43.86,171.87,127.3,278.39,111.6,111.3,#N/A,23.11666667,173.75,36.76,#N/A,176.72,339.85,104.95,214.45,48.76,6.91,55.931,130.43,133.64,284.65,3072,96.69,69.08,58.47,17.059,136.72,#N/A
3/1/2019,207.44,114.7,63.08,98.8,164.53,112.53,119.5,33.32,61.04,38.65,12.2326,125.27,1063,72.77,264.01,61.17,39.83,74,149.47,243.52,#N/A,77.38,215.8,227.25,346.58,22.22506,1.651236196,95.82,40.36,#N/A,2.1,108.06,70.95,#N/A,15.595,25.78,1714.08,86.43,83.5865,97.72,32.09286387,54.62,170.79,134.65,250.73,106.7,114.01,#N/A,24.73933333,171.94,39.9,#N/A,185.05,357.32,88.32,250.41,49.74,9.8,57.426,132.47,156.21,306.6,3089,96.36,80.27,67.81,19.152,156.92,#N/A
4/1/2019,218.6,120.8,65.65,105.55,161.18,119.02,118.33,33.52,64.48,41.45,14.1148,120.25,951.2,68.16,272.17,69.73,38.05,84.42,157.26,245.73,#N/A,73.6,218.8,239.05,346.22,21.99068664,1.659614834,89.95,35.31,#N/A,2.26,95.51,73.97,#N/A,16.07,26.65,1759.23,84.23,90.7095,114.12,33.13616545,54.79,155.25,126.84,249.45,97.2,112.51,#N/A,26.10266667,177.59,42.22,#N/A,188.39,366.96,95.69,265.75,53.55,11.36,59.949,129.43,103.36,333.25,3192,103.72,85.33,72.09,20.604,164.77,#N/A
5/1/2019,229.99,120.75,65.23,110.94,162.15,127.88,123.82,33.24,63.72,47.59,13.7712,128.81,1042.4,66.79,283.35,75.38,37.97,87.51,162.79,270.4,#N/A,74.5,228.8,248.75,371.04,20.13994528,1.667348961,102.07,32.49,#N/A,2.6,104.7,70.1,#N/A,16.535,25.56,1829.52,102.15,95.576,116.84,34.44256048,57.54,170.08,134.81,271.46,108.5,136.38,#N/A,24.90333333,212.09,45.66,#N/A,194.17,378.81,99.05,243.85,56.15,11.2,58.666,120.74,105.69,349.05,3800,109.65,84.77,73.83,24.516,170.3,#N/A
6/1/2019,215.11,127.6,65.8,109.75,151.41,123.68,127.28,31.82,60.82,35.52,13.1994,115,1051.4,62.31,270.9,76.47,43.51,86.86,161.33,261.93,#N/A,73.74,255.65,251.49,376.8,18.15181264,1.555204114,109.21,43.02,#N/A,2.44,100.32,59.25,#N/A,16.49,25.42,1656.22,113.22,88.7535,121.64,32.16090528,51.38,156.58,113.99,279.5,103.15,132.04,#N/A,24.758,176.45,39.98,#N/A,198.27,343.28,108.15,244.85,53.9,11.89,55.325,112.47,85.15,338.6,3870,101.59,84.25,62.67,27.49,161.03,#N/A
7/1/2019,222.66,144.05,69.2,115.03,154.06,135.68,135.87,33.79,67.16,42.28,14.5078,133.24,1156.2,62.06,300.97,75.3,50.37,108.42,173.94,283.51,#N/A,82.56,274.6,266.77,397.74,21.50577624,1.579695518,130.98,47.58,#N/A,2.68,88.99,62.53,#N/A,17.46,27.48,1898.42,122.42,96.1095,126.43,35.32256268,47.36,170.76,125.33,271.1,113.6,141.65,#N/A,24.956,196.09,41.32,33.1,206.3,374.6,115.96,264.2,63.85,14.35,55,168.11,118.87,374.6,4005,110.09,90.62,72.43,30.468,182.23,#N/A
8/1/2019,244.52,149.4,72.78,110.8,150.81,138.06,132.15,35.57,71.25,36.36,15.8086,131.41,1224.6,68.14,298.44,78.03,56.28,131.57,179.17,274,#N/A,85.4,292.55,274.16,384.38,19.64695304,1.612565559,136.2,49.7,#N/A,2.82,94.45,66.55,#N/A,16.745,31.69,1879.86,133.08,92.766,135,39.60009916,51.61,177.13,135.06,245.83,127.7,141.85,#N/A,24.98666667,193.6,45.48,38.93,211.25,319.5,122.1,277.96,65.2,16.68,60.589,169.53,136.08,379.1,4144,97.69,82.68,68.27,34.139,182.76,#N/A
9/1/2019,236.28,143.2,78.45,109.05,156.07,137.86,156.09,29.2,69.51,49.22,16.7684,130.1,1208.4,52.79,284.51,70.61,54.33,142.45,180.82,261.84,#N/A,76.8,270.05,281.37,409.59,13.34311784,1.638990494,138.93,34.43,#N/A,2.54,57.34,70.39,#N/A,16.4,#N/A,1966.41,126.5,88.8145,#N/A,38.90607681,42.36,202.49,111.82,226.84,134.25,137.26,#N/A,25.584,204.35,49.82,40.45,217.97,293.75,131.97,288.36,62.8,15.83,59.5265,#N/A,143.25,362.4,4029,101.53,80.2,63.65,38.539,197.99,#N/A
10/1/2019,228.5,138.7,70.84,102.53,147.69,137.07,159.04,28.33,66.24,49.43,16.5768,133.91,1270,55.3,272.71,58.64,47.52,106.97,174.29,250.13,#N/A,71.54,281.4,270.94,405.6,15.42823256,1.617721644,133.34,29.8,#N/A,2.34,61.64,73.57,#N/A,16.935,#N/A,1978.03,103.69,86.7825,#N/A,37.55885694,41.61,198.91,117.07,245.77,129.15,129.55,#N/A,26.71133333,209.41,51.75,33.69,209.02,269.58,122.91,264.3,57.1,15.52,60.3,#N/A,170.55,357.1,4092,113.25,72.71,68.01,31.322,197.25,#N/A
11/1/2019,231.81,144.45,65.21,104.98,159.74,143.72,159.9,31.14,66.02,46.13,15.3726,137.8,1323.8,45.655,277.82,63.03,48.5,99.28,180.93,253.03,#N/A,78.5,279.7,279.05,476.48,14.17554736,1.611276538,142.46,33.69,#N/A,2,65.45,77.57,#N/A,16.74,#N/A,2032.02,111.07,89.572,#N/A,35.93039925,40.85,191.89,123.11,269.26,136.05,132.75,#N/A,29.134,191,54.05,32.22,193.94,286.81,116.9,256.48,53.6,15.18,63.6125,#N/A,175.84,389.25,4150,111.74,72.23,72.92,31.676,186.58,#N/A
12/1/2019,242.67,153.4,65.63,108.01,162.89,151.38,157.36,32.25,69.81,48.01,16.2784,101.66,1380.8,43.39,309.53,73.92,53.92,113.53,184.51,283.04,#N/A,76.16,282.45,292.23,470.01,15.46864176,1.606120453,153.49,39.15,#N/A,1.78,68.02,83.98,#N/A,16.67,#N/A,1904.03,129.78,90.04,#N/A,38.23473492,50.09,225,149.22,294.3,141,151.58,#N/A,29.48533333,186.06,55.25,33.13,194.48,314.66,121.35,258.89,58.75,15.25,65.2045,#N/A,205.59,407.3,4235,91.46,79,80.64,33.675,195.47,#N/A
1/1/2020,239.83,147.9,63.77,108.17,162.64,157.7,155.98,32.17,71.47,50.81,16.7422,108.14,1480.2,44.3,329.81,74.68,52.4,100.07,187.9,282.32,#N/A,76.06,289.8,298.59,485.08,14.64429408,1.664126408,146.25,45.94,#N/A,1.68,65.71,86.03,#N/A,17.05,#N/A,2053.73,115.37,92.392,#N/A,39.48216072,48.07,228.03,149.77,293.78,135.8,144.63,38.05,29.21733333,189.75,56.05,32.45,197.61,323.57,122.43,261.93,63.15,16.33,66.9695,#N/A,213.5,414.2,4397,94.05,76.63,87.8,39.758,206.54,#N/A
2/1/2020,234.51,152.5,61.01,113.89,182.31,170.23,153.41,32.01,68.16,49.31,17.3352,108.45,1543.6,48.81,351.14,80.79,57.59,139.47,198.97,338.23,#N/A,70.64,284.35,315.94,517.46,18.71754144,1.595808283,161.15,46.21,#N/A,1.73,66.01,91.31,#N/A,16.715,#N/A,1830.55,128.05,100.436,#N/A,37.55885694,40.24,217.47,155.26,281.75,134.25,138.31,50.32,27.07333333,188.3,55.85,32.74,213.97,345.09,124.64,280.38,63.75,18.38,71.639,#N/A,208.75,395.3,4077,87.07,86.4,84.69,46.566,195.16,#N/A
3/1/2020,212.61,141.55,58.5,107.99,170.4,162.01,150.3,37.46,60.77,51.05,15.4716,98.62,1322.2,57.81,345.12,67.49,44.94,139.62,181.76,326.09,#N/A,65.4,247.55,290.25,493.17,17.50526544,1.483663436,149.75,55.81,#N/A,1.51,56.26,86.89,#N/A,14.5,#N/A,1695.66,128.06,94.1875,#N/A,35.12751064,35.44,216.26,147.33,339.46,123.1,117.65,56.76,24.58133333,172.38,47.48,31.65,194.17,369.03,107.48,265.85,68.85,14.17,66.9625,#N/A,181.4,370.85,3627,83.03,79.31,75.65,46.331,183.6,#N/A
4/1/2020,141.33,136.65,36.49,91.38,134.06,152.11,153.16,28.44,38.88,28.33,12.3872,52,1245.6,35.45,301.21,42.34,28.39,88.56,153.11,273.07,0,50.4,196.95,228.61,424.03,8.26772232,1.284509656,131.59,31.44,#N/A,1.11,44.92,51,#N/A,9.8,#N/A,1271.63,119.57,95.385,#N/A,32.46935966,27.87,146,109.69,333.77,93.78,94.92,31.75,19.15,136.88,38.3,34.42,158.17,364.08,116.33,218.12,51.66,11.21,55.105,#N/A,88.63,324.65,4195,72.94,62.49,53.9,38.467,153.38,#N/A
5/1/2020,167.91,143.4,48.32,120.61,156.37,174.57,173,32.45,41.17,41.93,17.4984,67.29,1361.2,64.445,343.84,57.62,39.06,105.75,175.57,339.51,0,54.82,209.3,268.74,509.64,9.698208,1.270008167,171.24,42.46,#N/A,1.6,50.28,58.35,#N/A,11.55,#N/A,1448.79,148.84,114.302,#N/A,36.03019332,36.73,179.46,134.05,357.3,112.65,105.5,55.73,25.09133333,161.57,38.02,33.18,182.66,415.27,122.65,261.13,61.98,16.79,65.866,#N/A,137.46,352.45,4465,77.39,72.55,72.26,61.364,172.54,#N/A
6/1/2020,193.74,152.15,55.82,154.53,176.36,182.83,191.5,39.41,50.66,51.13,20.9576,82.42,1394.6,78.59,389.68,67.59,45.92,146.06,194.35,383.37,0,55.88,241.9,301.4,541.3,13.36736336,1.338004037,233.96,58.22,#N/A,2.16,67.97,61.59,#N/A,13.14,#N/A,1670.73,204.78,123.552,#N/A,37.11885584,49.16,206.77,186.56,383.58,117.8,118.77,72.53,27.84,173.25,40.86,36.03,187.41,425.92,136.22,289.95,68.48,19.55,71.7435,#N/A,212.57,378.9,4446,96.25,87.56,77.5,75.8,200.43,#N/A
7/1/2020,183.23,151.45,54.66,177.43,191.89,204.7,190.9,42.62,46.02,57.64,21.3672,84.44,1486.4,111.21,439.81,62.19,47.01,175.22,193.78,416.79,0,60.08,235.3,301.17,521.91,12.2035784,1.469484202,287.79,58.91,#N/A,2.06,71.8,63.42,#N/A,12.1,#N/A,1658.79,210.92,143.935,#N/A,39.0010703,43.69,195.72,203.61,375.71,115.55,113.01,89.91,28.40533333,185.88,38.08,41.39,184.66,485.64,144.11,302.58,77.76,23.72,72.1,#N/A,259.66,391.6,4779,93.39,89.24,87.35,101.664,189.33,#N/A
8/1/2020,192.03,151.35,56.52,196.07,194.85,205.01,190.4,46.14,46.81,65.9,23.1032,81.01,1615.2,118.38,444.32,52.2,45.41,175.49,190.4,439.2,0,56.5,233.6,308.53,580,19.72777144,1.443703778,306.45,68.39,#N/A,1.59,70.91,60.08,#N/A,11.03,#N/A,1662.13,220.98,158.234,#N/A,40.62553638,45.57,188,209.82,386.61,112.2,116.94,93.11,31.82533333,178.2,33.38,43.99,194.28,488.88,164.02,306.37,72.72,22.42,74.3975,#N/A,287.43,366.75,4644,93.35,91.15,99.59,102.4,197.54,#N/A
9/1/2020,220.29,163.05,54.92,208.93,281.25,227.27,199.9,43.72,57.2,75.47,27.4444,99.25,1669.8,125.05,527.95,60.91,62.49,121.85,213.35,497.19,0,60.5,254.4,356.9,617.24,25.49012336,1.538446838,344.42,88.44,#N/A,1.63,62.8,61.33,#N/A,12.66,#N/A,1928.86,224.5,174.956,#N/A,36.99709932,58.82,201.63,223.59,410.15,109.7,133.55,98.33,31.54666667,185.94,40.8,42.23,212.69,556.55,172.5,347.18,79.08,22.41,82.754,#N/A,340.84,396.7,5859,93.68,103.1,113.5,113.432,220.99,#N/A
10/1/2020,215.1,156.9,57.75,196.94,253.45,212.46,211.52,43.87,53.74,76.39,24.7604,92.06,1606.4,131.69,499.51,63.53,63.97,117.59,203.35,492.52,0,62.16,278.2,343.37,635.11,26.84787248,1.531357221,279.84,107.53,#N/A,1.63,57.35,66.67,#N/A,11.61,#N/A,1742.98,219.3,161.063,#N/A,37.35809178,52.42,208.54,192.56,426.99,115.25,123.31,101.64,30.904,184.61,41.48,40.29,219.59,527.51,166.11,332.34,72.18,26.78,74.395,#N/A,379.28,409.7,5966,91.87,104.36,114.09,105.443,219.53,#N/A
11/1/2020,232.04,153.15,52,186.13,232.27,202.47,208.71,39.66,48.8,73,24.0296,94.15,1734.8,121.59,447.1,59.27,55.35,125.35,181.71,497.57,0,57.5,256.2,288.64,603.82,25.86996984,1.597741815,267.7,88.62,#N/A,1.5,60.66,63.45,#N/A,11.56,#N/A,1622.5,209.83,151.8075,#N/A,36.90916526,66.09,193.58,198.04,378.32,106.2,121.25,100,29.10666667,165.23,38.12,44.02,213,475.74,154.92,314.68,63.64,39.39,80.8055,#N/A,335.23,402.3,5698,90.32,110.94,111.55,92.543,219.66,#N/A
12/1/2020,273.34,177.15,57.37,216.54,241.35,216.21,219.84,44.76,68.11,81.44,26.4212,126.22,1960,154.67,479.15,75.11,68.74,116.01,211.2,539.59,0,74.98,272.3,338.88,662.25,31.4383576,1.622877729,328.56,107.19,#N/A,1.87,60.16,72.75,#N/A,14.1,#N/A,2052.67,236.99,161.004,#N/A,40.35247798,57.81,220.58,206.43,391.75,125.75,149.44,123.84,30.23733333,205.74,51.75,37.8,216.14,504.58,180.06,356.82,76.74,44.5,89.768,#N/A,453.9,496.75,5737,112.39,131.36,108.86,106.906,247.17,#N/A
1/1/2021,278.96,188.65,61.11,234.2,222.53,222.42,210.3,51.77,73.48,92.85,27.7342,132.4,2057,177.91,500.12,77.63,71.85,121.79,218.73,550.43,0,80.08,297.9,356.94,661.55,30.05636296,1.700219003,338.91,129.8,146.8,1.72,65.4,78.74,#N/A,14.22,#N/A,2227.27,254.26,162.8465,#N/A,40.523718,73.19,261.55,169.89,383.46,127.55,181.18,136.5,30.17133333,219.05,54.4,39.25,214.58,540.73,207.79,379.85,79.1,50.07,87.632,#N/A,447.52,510.9,6583,108.04,143.12,99.79,113.195,266.19,#N/A
2/1/2021,261.83,176.4,59.06,241.85,228.46,239.65,192.75,49.78,67.56,93.93,30.1804,127.3,2031,203.77,470,73.5,71.08,126.64,198.36,558.56,0,82.84,272.3,321.56,599.02,33.83058224,1.653169728,317.8,137.05,180.44,1.99,75.31,75.6,#N/A,12.91,#N/A,1990.46,266.37,167.144,#N/A,43.04603713,78.63,248.33,171.63,371.42,120.5,170.97,130.74,29.10266667,215.06,49.64,42.42,207.93,539.04,200.94,373.58,72.16,56.85,94.6535,#N/A,484.04,507.7,6264,100.86,147.73,107.69,114.493,241.85,#N/A
3/1/2021,314.22,164.15,61.37,273.63,217.54,236.94,192.9,55.01,92.86,95.68,29.699,161.24,2281,244.58,469.57,84.66,65.89,96.18,216.63,556.47,0,89.2,293.8,362.9,619.68,45.864442,1.846522912,350.99,167,196.42,2,63.55,81.27,#N/A,14.11,#N/A,2320.5,269.81,157.307,#N/A,42.34719274,66.04,263.97,151.26,345.06,136.55,194.98,171.48,30.082,217.75,56.25,35.91,208.25,550.64,187.45,406.41,74.5,66.67,103.483,#N/A,505.96,537.1,6527,99.23,150.54,101.69,130.994,293.95,#N/A
4/1/2021,295.03,178.05,65.55,247.54,218.72,242.35,202.4,50.49,88.07,98.89,28.7692,175.93,2330,208.2,483.34,78.52,54.92,84.64,216.86,507.01,0,92.1,272.5,363.3,608.58,49.9457712,1.804629722,262.28,133.41,188.24,2.42,62.9,78.08,#N/A,13.8,#N/A,2382.46,229.7,158.05,#N/A,45.50356274,53.06,299.29,138.27,373.38,138.44,188.97,149.87,33.85466667,229.62,52.1,36.8,225.21,539.42,180.15,395.23,71.8,54.49,106.489,#N/A,595.63,571.7,6292,115.93,139.8,115.76,115.541,292.33,#N/A
5/1/2021,325.16,178.15,68.61,262.29,230.32,252.18,214.75,45.41,81.88,110.92,29.8406,176.23,2180,198.79,508.34,83.99,59.65,81.75,233.56,506.37,0,93.64,257.5,382.06,673.45,53.2593256,1.869080784,269.04,130.12,172.71,2.14,64.3,80.5,#N/A,14.47,#N/A,2466.08,269.7,173.371,#N/A,43.39314526,48.98,326.33,126.42,422.34,138.4,186.02,154.63,36.85866667,240.32,57.3,40.39,236.08,513.47,175.38,412.16,81.63,61.82,117.675,#N/A,688.02,626.2,6269,114.9,146.15,116.27,118.251,313.8,#N/A
6/1/2021,332.86,173.4,70.47,259.27,236.2,247.4,201.42,43.15,91.97,97.79,27.2226,177.31,2166,163.46,495.91,77.63,51.11,76.76,226.63,469.17,0,112.55,298.05,359.79,688.89,57.21134536,1.908395931,234.07,113.56,144.31,3.02,62.73,83.96,#N/A,14.565,#N/A,2328.28,218.64,160.9325,#N/A,42.72206953,49.47,314.46,120.28,423,141.96,178.84,151.59,35.84333333,237.35,56.96,34.22,233.24,499.08,182.76,438.66,77.77,63.69,119.059,#N/A,636.34,657.1,6676,98.88,134.62,114.9,125.156,304.08,34.9
7/1/2021,322.99,171.7,65.16,289,244.98,271.6,217.81,44.33,88.59,105.7,30.7646,167.03,2188,199.51,584.73,75.42,53.14,83.59,235.15,545.17,0,111.85,314.4,370.71,721.8,59.45001504,1.836855253,262.25,120.6,153.08,2.7,66.54,80.78,19.86,13.965,#N/A,2210.02,240.74,171.6485,#N/A,38.22817618,46.9,326.27,141.02,466.02,152.98,177.26,179.85,38.35866667,232.03,54.7,34.3,232.27,533.54,178.97,491.05,80.03,67.66,122.4445,#N/A,690.54,663.9,6451,99.91,142.87,116.37,145.8,317.08,55.84
8/1/2021,305.2,183.85,68.19,275.53,241.93,284.91,232.64,43.78,78.89,122.01,37.2688,160.87,2275,183.51,621.63,75.23,57.2,77.4,246.39,587.89,0,116,306.4,385.94,744.05,64.71129288,1.836855253,217,106.26,144.01,2.4,69.08,66.77,19.34,13.42,#N/A,2178.26,247.79,166.3795,#N/A,35.99742789,40.01,334.8,141.98,525.49,159.16,176.02,206.82,40.256,224.34,57.14,33.12,242.71,517.57,173.42,529.97,78.91,74.42,134.7265,#N/A,664.08,673.9,5640,99.79,130.53,112.35,149.993,333.83,69.64
9/1/2021,305.33,184.75,64.67,286.75,268.32,301.83,222.69,51.45,86.36,125.6,37.9668,146.17,2288,216.78,665.89,79.84,66.16,74.84,230.12,650.85,0,103.3,301.3,349.57,818.44,66.24,2.096593031,252.76,98.65,156.59,2.34,79.26,65.58,15.51,13.81,#N/A,2286.85,264.76,173.95,#N/A,36.41395765,50.06,304.13,156.6,515.4,167.5,183.48,277.13,39.50266667,214.91,55.08,25.83,238.15,582.07,161.93,563.13,75.99,74.17,145.2155,#N/A,704.69,646.8,5372,89.99,123.9,116.78,153.903,344.31,81.69
10/1/2021,349,179.75,62.28,264.65,275.26,289.1,209.21,49.61,98.73,118.75,36.572,169.79,2417,204.37,577.47,83.09,61.98,74.02,230.46,632.8,0,99.06,273.1,360.18,738.08,64,2.40973769,221.3,90.36,173.01,2.4,72.97,62.8,17.7,14.97,#N/A,2455.87,238.08,164.163,#N/A,34.92833482,47.99,284.94,145.14,475.07,167.06,176.01,277.13,40.296,213.48,66.3,21.39,242.93,613.15,158.54,543.97,65.52,75.25,136.543,#N/A,646.45,630,4957,97.98,116.69,105.31,135.076,310.68,71.06
11/1/2021,354.76,210.6,57.64,231.28,302.76,329.37,220.47,55.03,104.04,139.73,36.0238,167.23,2770,243.62,640.2,82.88,65.73,75.56,212.46,681.98,0,114.35,284,334.05,671.37,71.64,2.457400395,237.88,97.15,174.6,2.36,82.43,57.56,19.7,14.565,#N/A,2489.69,250.2,165.9055,#N/A,37.80701831,54.96,287.35,166,487.38,183.78,170.19,299.75,41.31533333,220.21,66.3,23.27,250.58,681.17,183.8,608.81,48.595,53.98,143.497,#N/A,669.15,683.4,5060,110.76,100.88,123.91,152.762,325.15,60.81
12/1/2021,329.84,232.5,54.35,179.32,251.5,330.08,222.79,45.68,102.83,126.17,32.0416,155.66,2779,259.28,657.41,78.71,40.77,62.41,190.16,599.57,0,138.85,256.1,306.28,634.2,71.6,2.54053302,181.54,53,163.08,2.26,103.82,50.24,12.99,13.275,#N/A,2067.01,198.08,172.186,#N/A,28.74055376,43.78,280.66,111.7,511.65,181.64,142.15,252.02,42.44933333,223.19,57.42,27.62,244.18,617.77,160.35,663.89,46.35,47.26,141.0515,#N/A,564.86,697.5,5067,132.6,99.38,102.25,145.971,325.33,60.32
1/1/2022,327.9,227.5,60.68,188.58,254.13,336.32,235.83,48.3,119.69,130.01,34.965,180.72,2895,218.94,567.06,90.58,45.85,60.5,216.71,649.11,0,136.95,253.2,359.32,651.97,69.79,2.63585843,158.05,63.85,166.49,2.28,109.96,63.38,15.87,13.88,#N/A,2399.23,224.17,166.717,#N/A,30.32799498,47.95,291.51,115.72,564.33,187.24,154.89,249.15,47.082,250.97,64.36,28.28,268.07,602.44,177.72,643.22,49.01,47.03,144.852,#N/A,535.94,727,5365,140.52,104.29,101.6,137.739,370.2,63.39
2/1/2022,278.37,207.1,56.49,175.8,232.12,308.76,209.12,41.26,111.09,110.08,30.249,188.06,2554,152.16,535.98,89.24,47.57,56.01,232.36,586.54,0,137.95,244,392.06,596.89,56.29,2.614798165,134.29,51.4,156.94,2.38,106.07,64.59,11.45,14.595,#N/A,2465.64,201.42,151.1935,#N/A,27.38914608,44.6,238.27,124.01,458.3,173.08,144.49,193.73,43.79933333,235.66,64.72,25.46,258.99,457.13,160.25,560.83,44.725,33.66,137.644,#N/A,412.28,732.2,5672,134.24,100.23,100.45,98.42,315.02,38.53
3/1/2022,251.95,189.3,54.64,106.51,208.89,294.95,201.05,43.14,116.7,94.96,29.759,187.85,2355,157.53,466.68,81.8,45.48,63.21,208.97,571.07,0,116.05,204.25,344.48,594.74,50.94,2.452966655,126.29,57.61,151.01,2.3,64.95,63.75,12.23,14.165,#N/A,2072,184.14,151.142,#N/A,27.20402174,43.1,224.28,116.54,432.21,149.7,145.7,230.21,43.768,213.65,60.22,28.17,239.63,386.24,159.8,468.58,43.285,37.84,134.0615,#N/A,396.2,625.8,5812,139.71,116.8,97.18,67.344,285.59,39.66
4/1/2022,259.31,199.55,58.22,116.67,212.25,309.42,226.3,46.05,114.37,80.18,31.8808,198.2,2506,127.05,458.19,84.69,65.21,74.6,226.36,548.69,0,117.15,210.05,363.97,561.68,47.46,2.64029217,102.76,48.93,173.07,2.12,67.36,61.2,12,14.715,#N/A,2367.83,148.79,163.56,#N/A,25.96831677,38.54,181.95,147.87,397.18,165.7,137,232.5,44.49533333,233.71,62.45,33.67,249.25,373.47,151.88,483.93,39.31,37.39,140.1505,#N/A,320.54,649.6,6366,159.43,123.81,90.38,69.3,274.41,34.28
5/1/2022,254.16,203,57.09,87.93,175.94,277.52,237.53,38.32,104.88,79.72,29.1122,174.75,2244,93.19,395.95,80.03,64.99,64.2,213.13,478.1,0,115.5,190.16,363.38,428.49,52.89,2.42968952,86.3,39.82,153.21,2.06,63.27,66.1,13.65,13.63,#N/A,2210.31,119.31,124.2815,#N/A,23.14054248,31.32,203.56,122.02,338,163.8,111.63,170.71,40.43666667,246.09,65.1,33.67,249.16,190.36,119.51,418.75,37.85,28.46,114.1095,#N/A,336.12,619.5,5991,162.45,122.04,89.93,42.682,264.06,22.54
6/1/2022,250.19,177.65,51.85,82.48,176.07,272.42,218.82,34.2,94.51,75.39,27.4944,126.23,2474,80.94,418.16,69.98,65.6,55.92,209.93,475.13,0,106.25,182.86,357.06,495.38,39.57,2.44299074,68.69,39.39,116.72,2.06,47.17,66.57,12.67,14.035,#N/A,2238.57,84.43,121.684,#N/A,21.29392719,25.84,164.95,102.59,360.85,148.3,109.19,115.67,41.64066667,244.18,58.6,38.15,249.28,192.91,124.63,408.37,38.09,13.93,113.892,#N/A,290,597.8,5842,161.01,90.12,80.08,36.153,250.42,18.57
7/1/2022,223.15,177.65,51.59,71.4,168.2,259.58,246.35,28.6,83.06,64.97,26.136,96.4,2162,79.81,368.48,69.29,63.73,49.57,199.18,484.36,0,100.25,168.26,318.24,480.92,27.88,2.121101216,59.47,33.67,91.41,1.98,51.73,71.66,10.11,12.385,#N/A,1767.98,95.98,109.56,#N/A,18.67904589,26.74,138,91.96,403.61,143.85,96.14,113.69,42.40533333,235.43,51.2,43.5,252.96,179.95,124.86,388.31,35.46,13.17,108.7375,#N/A,220.7,580,5736,156.27,74.51,66.77,31.41,256.52,22.03
8/1/2022,238.59,206.9,54.46,88.565,182.98,278.01,252.08,31.54,95.28,81.01,31.1476,102.79,2264,103.61,411.09,78.87,#N/A,48.52,211.36,453.77,0,113.95,171.22,350.54,426.56,37.32,2.03065292,66.38,35.28,111.2,1.89,60.29,80.6,11.53,12.07,#N/A,1906.67,98.53,135.39,#N/A,18.21253256,26.92,150.17,104.5,390.12,157.4,106.22,134.67,47.266,244.15,54.3,42.3,264.23,226.21,127.56,448.46,42.91,9.54,114.86,#N/A,282.14,688.3,5893,166.69,75.42,76.98,36.44,273.51,24.3
9/1/2022,222.76,191.85,59.35,92.66,153.53,260.4,242.77,30.97,90.2,81.69,32.263,101.73,2200,106.13,370.53,65.76,#N/A,60.76,200.13,430.56,0,104.95,146.12,325.25,420.33,38.42,1.949072104,56.5,34.37,113.4,1.97,58.35,79.52,11.32,12.015,#N/A,1852.51,60.6,127.82,#N/A,15.23758441,19.46,143.81,88.42,371.62,147.3,112.53,149.87,47.098,247.52,51.6,40.01,256.47,230.04,120.72,425.5,42.6,11.64,109.74,#N/A,252.71,632.8,5711,137.38,76.69,71.85,31.27,251.18,30.5
10/1/2022,215.64,191.7,53.18,86.07,143.84,232.9,239.86,28.75,76.04,70.26,30.0552,93.69,1857.2,100.13,275.2,57.66,#N/A,55.84,177.65,377.61,0,94.28,117,284.34,303.35,32.6,1.767288764,58.8,28.61,105.04,1.84,57.38,77.38,9.22,10.69,#N/A,1643.21,56.87,113,#N/A,14.80994719,18.16,111.89,75.2,310.2,140.35,94.33,132.37,46.89,229.68,42.02,33.29,230.74,235.44,109,387.32,40.68,9.82,95.65,#N/A,246.07,610.4,5854,136.1,76.1,63.34,26.94,215.9,26.76
11/1/2022,220.74,199.1,58.97,83.11,159.82,228.17,254.14,29.14,79.43,71.28,29.5544,95.66,2010,91.43,316.02,65.5,#N/A,48.1,206.93,418.56,0,101.1,99.06,333.19,357,34.16,1.851973198,53.07,30.98,109.05,1.88,58.92,86.18,9.01,11.83,#N/A,1889.52,55,96.79,#N/A,12.20709897,18.4,140.11,82.85,333.44,161.3,106,130.44,55.6,243.44,48.86,34.3,272.95,286.75,116.31,394.77,44.03,10.25,90.47,#N/A,250.44,650.8,6075,158.12,76.72,68.88,34.79,206.76,24.85
12/1/2022,258.83,216.1,66.28,78.53,147,254.69,236.34,36.01,73.55,77.84,32.5166,105.93,2265,139.39,344.11,79.47,#N/A,46.3,217,425.6,0,123,124.74,360.8,389.16,43.27,1.973901048,64.43,38.32,101.27,1.86,58.18,86.51,8.74,12.425,#N/A,2060.29,67.43,95.5,#N/A,13.22898533,22.42,194.61,91.49,385.58,178,98.59,123.64,57.14533333,258.72,61.05,30.57,273.4,316.95,106.4,416.07,45.52,10.87,100.99,#N/A,281.2,721,5808,149.72,77.48,86.47,43.4,231.96,24.4
1/1/2023,238.35,200.2,64.67,71.22,132.59,239.82,246.25,32.46,69.74,69.63,27.7498,87.6,2007,119.78,336.53,78.8,#N/A,50.67,207.76,388.27,#N/A,119.9,127.46,347.73,339.1,42.14,1.976117918,79.17,32.21,85.5,1.85,56.45,89.36,8.17,11.73,#N/A,2015.28,68.33,84,#N/A,12.96240628,23.44,202.76,86.09,346.4,169.2,86.88,108.96,56.26866667,231.75,59.6,29.19,263.53,294.88,104.13,389.22,36.53,8.95,88.23,#N/A,267.19,679.9,5532,141.44,#N/A,80.21,34.71,248.11,20.64
